,example_id,label
0,24bf52cc84b75bce8ee9c0cdd0b5117f,False
1,708cc462eca0c274bcff304bbc4396f8,False
2,c5da1d371af9525d2fc2174311e3dae4,False
3,844f5f5be464a0600891ac6b8c1a1afd,False
4,97daba48c36db68f3e84ebcbf8952aa2,False
5,5aa7363096040ffc17b20f595edda878,False
6,a096ea460d0c9f2af7211c8f2d1d7ee7,False
7,ff4a30ad03aa3b4485a542dd32919722,False
8,0841f6a99ed3dd2ba9b8cec3b0a1451c,False
9,6d368e9b25aebb7bfbda01c4eb7533f4,True
10,42ab4246d252a4d7ca12d5a0de05510d,False
11,7b2c87b901e417e67cad977d68c24b75,True
12,0265e736477ce905ce806b6f22e61ede,False
13,2fe99aa2e46d60c61635270ffb9f54ac,False
14,2af25f5c41f8dd2f5ad7d1add76b2d88,True
15,d6da85368b9ef51e810cdddd45f0a025,False
16,5eff6423e3fa1c8cfe4b258cc37e9dee,False
17,32373b8de1abf9a7bb2a44f4b56dff9e,False
18,a5da7a0f62a1aea843b76559aa027669,False
19,cb33bca5c4d0f54ee1d3e3589c9ad3c0,False
20,d8f8bb8624af49d958a72ac1752d9b5c,True
21,1131c61c63084a8f8461ec4eb4e9a857,False
22,d5018910d41f9a955e29c6e9eaf4e950,True
23,c752e2a9c8d538a23977b04bf36ddffe,False
24,5d93fc7ca6a2ca86d37b052d0650e72c,False
25,1277ad3125abbd6ba6ec6db45c6b00c2,False
26,d3ba3b506ad777364358f1d81428b040,True
27,3aa2e5648b75cc2d05ed2157c34fe76b,False
28,e24dfc5bc6b1f435110187e7e512dd13,False
29,3c42802435353ec2a3a1faec05cf9ae2,False
30,ab6893ac2375c30c099d92d83f2666bc,False
31,878d2237a571a107b682ad30176fa2c9,False
32,daee32bf7e4a8fb47ceb572154054055,False
33,f8910f46c66eb7f9a64d1470be6e9d75,False
34,0f183e6299efe8d0a84f07717be974cd,False
35,21c061259611397a95aa419edb0fdc67,True
36,17e3e8dd1a3180a5b3539616db9ad06d,True
37,0697531bd7fb453d8d18b3c2fd42c6fe,False
38,27d43d683d7ae0260b98f35cd1762e4f,False
39,d05fbfc5d5b8c51a9ef21c7ba7f117fb,False
40,c4cf58858d684552639dd95d18b85f09,False
41,526ae9e7108c2cfc9c42a4111283c1fc,False
42,f9f0419dd6ec37b9f72a8a8292a37d0b,True
43,d866823f67578b1571438b2b6d5facd3,True
44,f3918d00d6fd85538667e2c8a4733b41,False
45,52f5e8ef576331d123cadd42aca62bfd,False
46,6994c58d2264985117cbef7b3474983a,True
47,701981a7e70553c356ee5ef7e650a422,False
48,39f70a8a999cb4534fe612fda4ac7d4a,False
49,949ab169c17c4f1158c1699a0e764d0d,False
50,88fb755ec022a774a45c5fe79c758a45,False
51,b6651f00ab108c7444a128e8d574da02,True
52,8802e90cf41dab5cf11724175e7b2628,False
53,1fd3f3ae9c7fdca21c34ae7a8b39796b,False
54,0680dd00ee785367f8f4be0110bc6264,True
55,71740a8ba9d2a6951a4a87f6f4a7fc83,True
56,62caabec5d6a2f6ca9842112fe1f14f1,False
57,5d75c30e71f23b2f640c9bbd4a82c375,False
58,436c2efe045b47cb0ed64c5550778bd3,False
59,6cc26dca3702c0e1e9b8e74eca1f5268,True
60,71eba1b5eb7275697b6b16847cafdf93,False
61,e39b4a68d3b0bee2109da636651c3e4c,False
62,af12f449c41ea58d49e2ac577f78e98b,False
63,6740f72655dd095a10ddda18938400eb,False
64,80fb22ffa6b1ccb1df5de5c51f32e3a1,False
65,449bfed3ee5aa790aff8eafc3b353449,False
66,fe0edd7ec9f5649a92a3708d4450f6ad,False
67,0609d8fd518d2e8f58ba2028747f2cad,False
68,2f06e397910b570f2f8ed01dfaa16799,False
69,39c08ea26d1a84fd6094275bb796767d,False
70,0185271e8179fad2f24e1282eee3933b,False
71,f41758a7ef7207757394a1cb8e5a3b0d,False
72,df335844af6f66f6f2f919b5cf710ec0,False
73,4602f32cc8a2eb1f67bc1a5bda017a2a,False
74,c9177ff62ad10c6e4dfaddf4598d538d,False
75,b1a5fc5cbe04c3dc0f8c785491d31221,False
76,525b685d03bc653af880c289e3a4ec14,False
77,b5e599b36fe892488d5ef34d5391dcae,True
78,4fe8e322901ab1baf156f2a1ed85a036,False
79,37b5b46b172511c1c99a12403b6ac447,False
80,8a75a59b0a6d67b8465fcc4972c1b956,False
81,f9453a1372f87ea5c6637bf24443b46f,False
82,dde82b6667a3c2a4ec907e10b0dfc30d,False
83,dd538c68e50261cd8a8c48617c2ac415,False
84,577477d79c886087dceae4bf98832b3d,False
85,a4543347bc3e6447dd88d17dfe40f78d,False
86,746569cd11b3e9b1eee9a47cbae051f3,False
87,fc7a0e84921e8c3908190468b7764f91,False
88,a62333a6a48a9c6163f0a0a839f2c780,False
89,98f47b93088cde9fde45f64ef8883ad2,False
90,21b89ba38b5b1bf894fa9f75532002a5,True
91,c7e032d7fd39ab08ba6c6faa21e67e94,True
92,a02c2a98a6e0de6391d61a1b323d3367,False
93,cb218d172f379046028d46700feba217,False
94,8e7baa1f522aca1ca3d2db5f458006bb,False
95,1c646331da6184e16017e2c5f12b9564,False
96,a34e600d08022620a191a59adb65b73a,False
97,1b143fe69753bd6a83ab986dad3ee616,False
98,20e9d546eda23e2de3bf7b996036085b,False
99,52e8a8708094ba9553306cb92e0b2ee4,True
100,049630096d326772755abbb8976d2570,True
101,14515958735a1d8eaf57672219769538,False
102,68dba96f4916e5240a381630f710e8c4,False
103,917493d6c3eec1ea2947904aa1b984a4,True
104,f45f07eb1a12ca300b585ab7791c7b2d,False
105,170c392eda8f422acfad623372fd3bff,False
106,414a7fcae314d6eb4f1a9e87fa11ac28,False
107,df866449eae35254b3e701aa1130d379,False
108,4893b80312a75e36082236d6deca8dab,False
109,45119d5a25a930f3e982f16a27c0090c,False
110,cf1d050978efacd08cee70f53583fb1e,False
111,e5c73d9ce279a395e5a2282e9ac0afd3,False
112,2723f761792814813acca2eed7d2e163,False
113,3ba2c84cc64a0d8a791d1e9db740c3d7,False
114,b65f7a9b66d343f6d23f8f0a7302b982,True
115,9493af3a98dad93be6265b98657c5cfb,False
116,806d8981134513b9641b2aeea29d82f6,False
117,11c2befb7b35198a86510ba70f85a8f4,True
118,0029ba4e0d9b066c648bfbee07b8ff82,True
119,5736f4b0cc1f039a7e6230a8e3f7d698,True
120,ba5ef5a5fc2c0791755b84082c760926,False
121,d52bf95c669575197410e9d57998f3b9,True
122,80077da1417accf0017ec1c1f151fb32,False
123,3c26524618614eb55b6acc3967df7b38,False
124,ace39e582f6b498bb55a4b4f2be3a000,False
125,2efcf5414ce8cb5b95e8c9b4e85261ec,True
126,29d0301c301bb15270d5720b8a06c441,True
127,7758a0778096165c34ad367e7be31cef,True
128,e966c33979c5c2530d6d595d22dda796,False
129,583332b255b666c1e5222d0be3ed9dc7,False
130,f12fb0f7a00a248457ea753a2a43a43e,True
131,9e85a290b408ffc6a1b76445de90f5eb,False
132,91813ca312aa2147e9d3caf8591fb499,True
133,ed48a1fea0e31be7ddc3620980628584,False
134,d4fa11c2fb8c68a980a9903115b236fb,False
135,adef53adad5cf6df3107786e0e7f1b20,False
136,1a9941f120e98b048744a3ab07c2b77f,False
137,5d1d314817eb74bd8294ea169cb6f7cf,False
138,64221be643cca35964677cef131d68d7,False
139,c2a167cb09077ce821ff5afe90699d9e,False
140,069135ce533e1875f26d15cf16a070b5,False
141,4b4c1c268aaad15e5e7c09294d4cf3fe,True
142,c23498e06d59ed347e46372e8b89718c,False
143,cc98f8abecca5b31c860e0058a026635,False
144,1d8da7a5a7f193a1f30265a11d265151,False
145,8c3568d3b972fad73b79ec781bdcc5ba,False
146,e88fde1c090a2d9c5a011db51944f6b1,False
147,9c9b977870cebede45a760c0a62e4145,False
148,689d8dd893f93eb7475733489becd2d3,False
149,65aa0b28d68ac4e80681247f36507a13,False
150,2ab99a511573f060a01e1eea51731ee9,True
151,d7d072fc8abcc97f34bbe86713711308,False
152,9cd25bfb9f5f9c795567b0b9cf18a869,False
153,a51ac620f57369f3c868b46c1c7054af,False
154,f4a3685d59076b1c735c360b5505387e,False
155,eccd94e6b618dfe35b0127b4ae1e4333,False
156,0854e4bbdc077e206afe3b537c4da26e,True
157,4c95fcadfd932246383a60e9d5860adb,False
158,bcac168cbc216e9944af067c72e59d9c,False
159,df41ad73d598119c21d32f815626b7f6,False
160,7da29bc12afcd9c7737ca4e82c095157,True
161,dc2b169389ec1f56944b4b11cd44310c,False
162,caef6d9787f1ef7ceaa2a9fe86817fde,False
163,1204c8e8da47b6cc764b189f9899d253,True
164,68982aa5eae0dd73042979741281f48e,False
165,34d8727676f2582272c174e2962757dd,False
166,aff4d91ab66b8b2ab203e5beae211eba,False
167,9de99a339780c0b93d010703b27ee213,True
168,bc1d9b50a56f18b10c958c85cfa4f2b4,False
169,aa8bc9dc968be09b4fabe22e4c29e39e,False
170,d5ef0a252ef17c5e90393951d76aeede,False
171,5617884d07b585fe02ce2660deb2181c,False
172,7dd46bf8ae30b09a81568c82d5ff79eb,False
173,b7248c010bcb89dfce1616a9e4298d1f,False
174,74bb22c11aceab51c99e5bb112273927,False
175,75f75a821f2d7e92e779bcd8995fe9e8,False
176,e49c9d75066ac6a88f1010e517e96d19,False
177,400f42819e1ec0f07a11e1347b5346ae,False
178,98693b923f461ebb5b0348b61298cb52,False
179,2a88404579b90bc249128b6281f4d7bd,False
180,4dc7ed63876bead8193bf407da1469bb,True
181,798fa543d8cda2357c17ac4ab91cb96a,False
182,8299fb94e86c093816088bd76819aafd,False
183,396b153680b966a64c9e07eec10d04c3,False
184,d550868a3103da462744fdf61b5e912f,False
185,c0b8524d8e9b7dc2f0c834a52b7f5c62,True
186,4fe9c073abbdd9897746cf48ab8adb01,False
187,1fd4af23a340d8068b8ff1b30fd6786e,True
188,8f479040efa704abff00af6cff25db49,False
189,d5ab43f3d273a3b5fa965d2338e38771,False
190,cca1134df4ecfa53a9b421806e50ef5f,True
191,85be8efd6ab8016a385459f2b578b15d,False
192,2d51d831d7ab09c40a0d2eb752375401,False
193,163be2ce1eddd70f9cd5d622f17bc90d,True
194,3348b957e1a9532cf053beab987bd601,False
195,56b96d0088c84ce812c42c3e681b4a2f,False
196,dda862b37c37b81b82639d9c6440778b,True
197,a05c360d4ca9bc19a33b80e92984ac40,False
198,0dacc00f3c24fbc0336436a97fc784fc,True
199,6ea3690378472e86d44178d957ae86df,False
200,d677fb95bb349eba93fa5fa29ece1609,True
201,4baf1f03229228deca5866fe6132d3d6,False
202,8b153a1c55c46a0f166aa0867cfa3a6f,False
203,12727d28114fefd49c16c692ef5afee2,False
204,1d1ab0f685f94e2e4f4e252c521a87d3,True
205,290afe1db2bfebded338bf7865cd4907,False
206,fbb4a882d7cf1302d52806f37ec30f84,False
207,602d074e65d52bcc36f2871b3b7a8a7f,False
208,78aa23afea3093b9ca0e3627b92c8e64,False
209,e16eb9a409c6a4a60cb8f069523383f2,False
210,04e5d7a46601fd0617b9b2ba60feba28,False
211,9d433f49b74285d989fed50dd616031c,False
212,097215d99ceb4b751ffefe1b5badd167,False
213,8d0f8cf9ff3fe41a213736f1abac5caa,False
214,7ee043fea665ef6bbf94016cf0d5b559,False
215,1473e334b53a026367c725aea8487004,True
216,8bcb5051533d9173faf22ccd47a88f95,False
217,778f89422cc787158f364164c5817563,True
218,ee8b2b7387598010215ff3ad6c3d053b,True
219,6eeb01adcc6c458071791af3914c4ec9,False
220,6659d058ed3af68fa7ca293f8e66686b,False
221,cfa81acb994dbba94b6047c02ed0cb63,True
222,885c30d757156de7116409874e5c3447,False
223,455a8b6448400c693a04c7a2e45c0481,False
224,68bb5627e66bf577365393943f2b724d,False
225,3a8031b5405f09e93a37ae024b9fe729,False
226,327d1c107fad1eb9a0ef54b2da147697,True
227,9d3170a96a826424307832aece77ec8e,False
228,140f9904d8f6e9c4f9e2ad295b951143,False
229,5e1f2721f61f9c8d8dfe278da8b477a0,False
230,4c537fa13baf05beaa565581addc6323,False
231,f188823df1400f1e719eb678859e3201,False
232,dcad3a69d94bb84f3a2639de7e3a6958,False
233,ea54b4b6b517296be14c7201d828f64f,True
234,f3552f5026973e81370b56875e067841,True
235,78eb6901a2383f6ab8cc4d4706b8cbc3,False
236,d1f4a69778e9981b3747eb5e5bc6262b,False
237,cf1e95c1d11876ff05c8f11bbfe0ed59,False
238,a08c8ea12ad0238cedc48e01cd867a0f,False
239,bfa6ab96b45e727713bd998e32d9a49e,False
240,3163b956db58b7a879d197a2fc714056,False
241,716a6b50b3532ca5411ef2af22d6b58a,False
242,374f473776adc0a5130ccc7bc971d40b,True
243,69eb2e59c824901623443cea0e37ca09,True
244,5744fb6e6688d239ae622802db1e6630,True
245,6b7bbb804e6e98b12e35d73cef0226e4,False
246,0d2be7875fae82648e253766487f71d2,False
247,117d9fbbf9d16d30b621cae33dbecd8c,True
248,e8abdbfcd0073c93a77d47b0c547ef8f,False
249,e0a1ecd3cd923b2c361279194a9b2470,False
250,25548a344b1d9b9792d4cc7a45fbcc1b,True
251,73f749e6a0baffb09cc0f8277e5214b4,False
252,7bcd93528f16594fc1a3a28d0e7b38e3,True
253,b441d2079384fdac87abf90c67bdbbc9,False
254,cf6d97192386253ac24945c2f0735f95,True
255,ff79b17d032f774ecffcc07c0a01005d,False
256,0d4586fa2ad85a761c9c509cb763d01e,False
257,70c0f1b3a12ff13b504ba9585c7e9c09,True
258,4b487187894884d7c61916d559a1749e,False
259,b171a662a70c0502880971db8fddae32,True
260,12f7bd3aa726903626479d9501d44bc9,False
261,217fe7273110201795bfeac012267043,True
262,e6c97909a80edd8180999a56ddf6cf23,True
263,58e9534f0b46bae6f89f9b7b2b8d2b07,True
264,1dadb9e84bb09916ea89f4b37f28a73a,True
265,29d2371cf2792b8a2186364ffad3050b,False
266,c95b97c4cdaf787b016397cc7d6503d6,False
267,85300869a1249bfae6259ab577132dc3,False
268,eb46d688741de0a9edc162cb2f43319e,True
269,246dffe8c26c963e945bdadf2c78de36,True
270,f59a9af83252301cecbbe7156c5b2eca,False
271,28e88c70e838dd1b1713d24317e325f6,False
272,cedaeb7217533053da21a6aff89a073d,False
273,14c27138411a2e37dc9bcbae2a1c4a29,False
274,5fceb11b60231836c37220f52299259d,True
275,8913ff0f1b5420467b483f6eba2a1e14,False
276,2f5b1c3c9f8ea5440a53fe45f759c41c,False
277,d2f075780b5f093f33ccd25cd06e027f,False
278,0f6f601d736f5d8e4ddee21997fb7123,False
279,c3fd7c90717d08da971f66fce0cc08dd,False
280,a54ff969e5baf064db0c9da7614896ca,True
281,4bbba9d0dda9a68714c7f5997f572382,False
282,9ecb1699d33962c90eb9f1120a7c3cc9,False
283,7d0c9c25a5fb47038cab57434506763b,False
284,4403ae3a05737fe979041eb81fa38be8,False
285,822ebb2d10565c5318bbc5ceeebcb568,True
286,10d0dbbeba99870a995adb8816abb80e,True
287,ef2ae8c98730cdd0329b36f7edda0e8e,False
288,49e3ecaeeb9380da457fef2e90835224,True
289,25a23c3d58b1f3bd7479264383d5242f,False
290,33ab80c2e12f81e4b73386afb99d41f9,True
291,454b49bddaa45ef374a66b719327afce,False
292,a520823c44c6df0f305128724ae7a108,False
293,5cb7c8ceebc7520ef75e5e17a37d3537,False
294,76b44d5ec5bf4f3ce33e8227df4566d2,False
295,457528c412e9138b985d6945c0aac920,False
296,27bfd6041b25bd6a97984761e7b90997,False
297,fff7df9878ef5c447a5b2aeac4fc62e1,False
298,f4c8959ebfe8cfec0544036dab1baf1b,True
299,8981fc20c030e91460c876fa365468d7,False
300,a805df389c7724b600f4a5676bc88b04,True
301,8f79d958d4757bd2b883db9d28c8d230,False
302,e8dc8e9e6845a37c26693eeaf90b0da1,False
303,fa46adb1fc7d2a3329c924d22019bd5e,True
304,157d90fd6832052a3aa782a460f78f38,False
305,4eb99dd8270d5d64f7518e819b8a59fd,False
306,b70ee89af709210e601b6ddccf9d85a6,False
307,3b65b794e43a66d48332cc0e9de847cd,False
308,803ce4af66e44506f791ee0da9447880,False
309,8d452818d70fc5d92db1bacbfd176d71,False
310,26ec4bbd9184c06ae1d5eea59fb92757,False
311,dd53ce72834d65d34ce324b2f329d7bd,False
312,5adfa2bd3905de506ae3177233bc3e59,False
313,88f8de107f117be5be94758d40b14d61,False
314,30dcb98f6f0207fa89ab504a2c5176d2,False
315,a555f90973356da0313beee3e0c015b6,True
316,138b9db2f5e895f56b5beb2272ceba1d,False
317,e1a54a47224bc65c66a569f81afaf834,False
318,c7101e7fdc112674640e760657b0046d,False
319,bb95995f4b9f6773e60b2070a5bdad3b,True
320,70f8c61057fb0199ea6d533aa2dc27ad,False
321,5304b5fd0e82aa7c728822b922c26cee,False
322,221599438c92592b83f17783f9d7a7e9,True
323,d221d47861531ab1639c7485f4e2dced,False
324,e562c9007b82fe99921df0bbae840e5b,False
325,e98649e267599a38e83fc6a13d4961b5,False
326,9ad5f18557b088fe568837845f7252bd,True
327,9b131136f5cbe9a00a0211f433455ae6,False
328,efac754c0efc4346a5e159681970837b,False
329,ed170965dfd9a52608415b5e5ada5f69,True
330,d5d705941180b54266cd4f805be14de9,False
331,16ac3fcdfd191d3c0b77bfed450f8bdd,True
332,93b82de9126e123983d9ff0c077420bc,False
333,7a8511e6d3a77608111c2a5769820ea4,False
334,3483ef5735f396bd667cdb3de5833d16,True
335,3d836731f470503c10ba9b06fdadc2f8,False
336,d85b7c55ae408d05ce95180119205290,True
337,32858faa31e9acd74b579b6b8d7bc8e2,False
338,2c12ba16ae18268526504df9f4681a55,False
339,0e0cdbb7939d21d08e443681c3508e1b,False
340,4ac950b519bfe6eccc2bbdf9465176f5,True
341,98c7cba5f366b49d174e88e5a4180238,False
342,81790f631992598d19ee08fddf8de08d,False
343,2589b9f9b6711248a1ad20f5f4346612,False
344,4f3ccab7af2227ecf380820a2d77d6ea,True
345,2b95e3d5223f42e5c68d187c254ff97c,False
346,d5b24a66b43fc0e0bf4ab766386f3428,True
347,f180aa52c297a47daa76bbc4a95a6fdf,False
348,b42e23d23695340256cab3f1e4e01ab3,False
349,c471cdde85ac0ee41c1140e28aadbb29,False
350,dc1f96dd35d5329d44d81fc99a2052d7,False
351,5564cc68b5c95208b25006f3165a9e93,False
352,40fb44036ebb25f85c9bfd8d2df2a32a,False
353,c3460452342bb6c1b8850ea454e80c6a,False
354,3217487e363796934e157317aeef1c97,False
355,4ed1f362ceeee3c828de71a8d3fb1b37,False
356,c44e11d3dcc1616d2794d8520b64657f,False
357,0a5c220b4eb09c1f1e873a33af4569c1,True
358,925fc369e5b9a3839d656185e6b97c9b,False
359,8fb47522daf7cf4c53aa72f83c4748f6,False
360,b812a252ff11f2f302b01dfe4968a002,False
361,550dd309f5cedf984558d1aedd60c4f1,False
362,9b061dd360dc3bbc788cfcb90fbe3139,True
363,4334a1c289ad20168e1b67634852d73c,False
364,17d10744ccb5660ec817124056309531,False
365,2a53dc3a212e9f32f2a6f95cb0b2ed25,False
366,563e18ab734e92f9996c150781dcf1cb,False
367,7c2d8d689ce9ab76ed1888c631ee2d4b,True
368,fbf36b2eba677b8e9394aec150bf7bdc,False
369,2062c917976f928e033075ad7cf6d571,True
370,1c8693b42b8cb67a11fd2f62b809284c,False
371,bea16fe4a03b05f9963f8b2f43b2ca50,False
372,c03867caf3c3215188039669502a9753,True
373,bb33b3c66a250f103cb1a47580c030aa,False
374,3f88a2e9e478edbe1064268d9c5daa3b,False
375,89fbde308200ab55dd933713fe5b9e12,False
376,52c8e5040f12ca6f2d4097948fbbc5d5,False
377,0153ed42cae17e0c0e2cb177d783cd95,True
378,ec6d6f9e8186fc0312cbbcb357c855de,False
379,0a2d2a93cdbdffbefb6d92de93ecca2a,False
380,bc21a578d43b251e437adbb42cfb6352,False
381,2a07c822d615960deffd244ce250df7f,False
382,86a58e0c6394f3c381b6d42856509413,False
383,fb7f410cebefbca6020af4478d77adf5,False
384,1ef6866c71c1c7684fef9fb7bca1f96a,False
385,af1ceab96f2dfe40aee98e39d42d9209,True
386,7fe30be57fdefab174ad263aae944e2f,True
387,e6a2e6553c5e46f4d9dd8c2a7ce5eca0,False
388,5788fa95c6b8832d79e4ff9bd530259e,False
389,2050cdbba7be1af0d785b72d4b67681d,True
390,5584688a6b9d6207f29236c86dde845f,False
391,3a572907fc5abb254adc57865956bd78,True
392,8c40db1ce3910130427410507b3bb7cc,True
393,875f2b6fe8b520ec9e3c90b36ae2fb79,False
394,d248733047c9031265588c112e9633c8,False
395,53528e5671fd3d928e1d6e934bfd81e2,False
396,28e5544d5208dfb8e4f10752894f1454,False
397,b2875d62c29e77376da5d772dafe83b2,True
398,8b5cae27da476c832ac6ff3d8521be78,False
399,762ec54cc4c5fecf492cadce0e949e91,False
400,d0903fc917ff6acf3544c7f665f88649,False
401,557b07e7771d3652a542032a06ce099b,False
402,245e1093274bd6162e97b415d609d60d,False
403,fc6b03e0f682dafdd72eeeb4b2252541,False
404,104eecb059354b904d186e7ce6c46599,False
405,24e04e1b4c45a0da6f2042c558dded06,False
406,0dc42e137d21ede2b68dbd134309a0d6,False
407,831424467c7e94f1530a63d83e855d5f,False
408,8908a354cf1942dda78fb187829b578b,False
409,0b6c5370e36d166806d082990068ccde,False
410,6c956574a1cfe80938d0568e86946961,False
411,46828701e93bf80f89b7c34ddcd56ec0,False
412,e3b949c9d338707099bbb06dadb2c377,False
413,406fd709f76ec85bb2e7a961c3079320,False
414,879a7df425ae2d3206f841aa275ec77f,False
415,f6395324dfcd0bd7298a630c8b451478,False
416,eff81f01ec9e3bcac51f0718ab9a5143,False
417,9ee6c72731ee8cbe6b2fc847a17fd072,False
418,742a56e4e6c86342f6d206e300e178e7,False
419,f03c69d6964df3996b72729d1df3f10c,False
420,a2211fd58573dfa731a90ee7c80ee5f9,True
421,95b7db4477d65d534fce1341fb3385fc,False
422,706014a8b3f150958801ede4ede6371d,False
423,7371ecc1569d9a997ccaee92438e09ba,True
424,f6152b83829917a5e6300077fada7b8e,False
425,ae9f3a16a578bc2de1d882196b8dbc00,False
426,841412fd6c5a640ff731f7e909da3bd9,False
427,9b2bdcca2cba35d172493dc0a67f6a5f,True
428,e2b04ead3309b0488a472e066e16d38e,False
429,25d3cbf3b42311df76a6f7767414f487,False
430,42448b892c738f8395906cb1b2e1f222,False
431,f8f8dfb7ab5c9731f367119b4ee62517,True
432,a4fb1118f2cf9eed1d64e9b40fbc08cf,False
433,96da293089ca334d0fefcc8c141688b4,True
434,a7aca240503583a8d2d9fada1e368863,True
435,d4362123a1ced2b0935d6873ce6dbee6,False
436,abd3a2f61185cfcf3e09b3796dcc3017,False
437,e29ac403550c6715e448af03a9640867,False
438,4ec2e90c850a3b91f956416261353ac5,False
439,e95806285775b734cce6f366d1280c78,False
440,793024bb3dcd5be60aedc41ba8f6bab4,False
441,5717547ad11fa2db29728cffd01f09db,False
442,b34647aff823e5be52f35a758d26243a,False
443,4c8cd08794a30c795598ae389f1720fd,False
444,821e9cb3b0e140ec58421635f75f4f8e,False
445,b5ff69f3b5f158033013cb2bfecccbc9,False
446,fd2a13de9df28a817307165c94dcb516,False
447,61b8471633c32e46aa1e4dc0cf2586bd,False
448,4381e8bc601678937233a337f8dc3d2d,False
449,689261861cdf0d2fb330c61ffc070d86,False
450,dc32d4b0bf6b76bac737e9912dcc779f,False
451,305fd4f8b910463ade5276a55157a1df,False
452,dd06de5e3f4a73ce90cf96902ed81932,False
453,05329a522bb195d2924315bac7952f7d,False
454,f169da468c830b173d8314b46f2c9688,False
455,993b4907422455dc1eaf5d8ce0a2f2a0,True
456,0709bc7ef43762e9f82be36636b84614,False
457,ec111cf3ab442f593235ed75031b698d,False
458,28b9dc3b9bd08067899e3d5418436e3c,True
459,c9d335b53480512ca7e07479f077332b,True
460,301ea78091cf279c61958318a229d107,False
461,a1bffa6363ca5cafb95d0ba52576875c,True
462,967c92923400a9b797a8f815e0b08910,False
463,04caff52a772d62b2098104c98af16f8,True
464,ebf3f3816e58c4a635fb3c60799d700c,False
465,cdc06d1d17d1e7fe4e0cc9b3291cea25,True
466,cf6dec36cfdbcc8b531bc650ee32e695,False
467,4a88287127d1bc86903d56bea0854c92,False
468,148683ce226ee8f3df27ed392256e2f9,False
469,52a9e4c78bd86e4804ba689a1c3ece83,False
470,c6dd3ee1a2cb8cff5724863def3a646b,True
471,276b12b9931eabc203de5dc3e873167c,False
472,c82f0f7dee83e5f50214591b36655b09,False
473,400a35b363254fb4d0d088e2b62e9c5e,False
474,e8cdb489413da5e0a4d9598fa7a72522,False
475,576223b2146d6f41180f88474ee5af2b,False
476,16b0c2bf9e1c6cc22dfd7bcc77a29cae,False
477,14a5632f03d094806082d12cb63868fe,False
478,a4ce9de6746061eb1525970a22848e0b,True
479,9da443bc8f440a8e78b6b8bafb764f2a,False
480,e97d8752dc06732b91185997c79ca4f7,False
481,9e6ff7411f22e02e24358e4daa5455fe,False
482,cf6586d21ad54f7cc5654269a381e2c3,False
483,b9ca46b908b22259f9e7dc7155741b84,False
484,77ac8f6d8e7fece3859dfedfd48cca7a,False
485,c471b17dfdd86c1631e034ba66d2a195,False
486,1437132fe527d174fb5f38c4b35b734f,False
487,30e2ecd71a37445105c43809ae06c047,False
488,468773570ed1c0d43f33156851eed31f,False
489,3bdf6b5fa432e38e0fe71c929e1ca7a6,True
490,04fd8547db4332d6a8cda8a9e954c48d,True
491,6cbe9e09388e497ab2a3b8f3001dafbe,True
492,abf857605e8bd3b814674903981043c7,False
493,90e347ccfe5e585c194a5f7971f8d3d5,False
494,302636d18036ea9a464326970d532ed9,False
495,d2191ad53a1a56b1affb7c276700c20c,False
496,49a29ac837c51622a1d8fd58678f732e,True
497,0c7549a9a62f3e8ef43b3cfbf90657f7,False
498,02dd734ae6b7110bba1ca64587c5d7e0,True
499,36da23d3dade477e598825df730a3615,True
500,992f422cb3742aa61cd82243597e2e93,False
501,4840df69e0fd4dd37caff612c5807329,False
502,988a506f51add1860c50ea302595fb95,True
503,3a29a745da61281c6d5f5984e70df4be,True
504,827a4e40d8e41d89845d3caf7e46838a,False
505,d5f6d6d93c6333ecf7e78383595d479d,False
506,82245d8d3e27ed156532b88280bc37c0,True
507,973268f4a9cf315afcb2df2e617f5e47,False
508,66043ce4f090dad43c47ae1f2833b997,True
509,5fc8435bd793bb6486aecdda1ff3601e,False
510,879f695e75b48941ac5ec2fef302fa48,True
511,a9d023d9146bc338b55e8721b5f7dbcb,True
512,a1d661bd2aa6340d5f1870430e9b72f7,False
513,5172d479afd9803c66a4db3b774d8a72,True
514,d9fdb5d8c60ab6195af34ed80b51176b,False
515,ab540281cc7e60a02d72cb9030f148e0,True
516,b6059d50fbbd8dd0e6baf394cd8a820b,True
517,c2e7d4e4a56fa36b2db11627730f3b1c,False
518,1b8d510dedebcf302ec3103438d47de7,False
519,0f57f9a69697140f710818bef377f9c3,True
520,ab40d646cb37ec981c0e05c023addeac,False
521,9ef3ae9293e588fb0749bebb3ef25792,False
522,8eb44ce407f9c0ec0304194de692abb3,True
523,1613aff4286a6c408053334169674873,False
524,6cfeee9ab8896c398a0996e556f95e6b,False
525,84c9c215ed6fe42308daca8eb58e33cb,False
526,0769c59c57fe0c5264114e22b31342d4,False
527,2035f5fbe624fc1a8de1dee0a742aff3,False
528,4c12bee81c08f0abb21ab0ec5b305729,True
529,a501d8865e850cc7b52b69f0cac2d998,False
530,54faeff70e7d80b21557ddb0a3b1c530,True
531,2b1cb402485b34817b75d1690961056a,False
532,542f273b2f6a312a3c5f1c2412314589,False
533,9f8751e56b3bd6bb56a18ac372d472f5,False
534,dbd4acc91fe947c38b391cdec8c105ce,True
535,60bb99222c142197fd38bf50ac78f206,True
536,725cd3769aa032fb3317c36a9ee39b0d,False
537,f96290aa4032e398fa3bcd19bf8d6edf,False
538,195e5e5b9c36e9c58027dee2c319853e,False
539,6d0c31ed1113871cb23d3d2f96eb0330,False
540,7403853a3251ee031d2c44077f214320,True
541,e0d35718004ef83a8d056dd1757fdc66,False
542,e11aee52942d3f7dc2ca34b646de673e,False
543,a16ea67711e151b83c1fc448a49e569e,False
544,596270f83af7da37c2648c232f44aabd,False
545,32c469c5db44219eff01e4dcd30d551d,False
546,cfd64cd7b27d4a7ff6ac790dd7d63006,False
547,4e3c1285326a20847ae78a46149a5a1b,False
548,eeeca027f37628b494ebb5b720422a1c,False
549,a952446b2fdd6ce9260f7180f34f3a61,False
550,a1607d2cedb1dddc0b1e02aafe570983,False
551,de64733c030a4fa4eb0224bd7c6730c8,False
552,4798f9cce6a210846d4861764d6f76a0,False
553,42f9623e1c50ab7a883c9dfc1461363f,True
554,17f0a76cbd18098ed6c807acf735857f,False
555,c27a1cfa06bb0351142b87d422142102,False
556,72770a5dbc1a4481b63868b7d7e62c46,False
557,f77a8109fbb50be7f978c8f8a70bd804,True
558,5b2b7e54d53d9adf562c518065fc4235,False
559,57f85a6de6b6a8a09402dd02f5f09882,False
560,37a04d684b4f306d1fe5388d9fac3382,False
561,25f32741db6971ce68fd5b1ebd7d1492,False
562,2aecbc50996bb81b2b4cc95ac0a595c3,True
563,eb6e94dc95c242693e0010933d4174f0,False
564,29c1b73fa4e06e06e614e3792b14e222,True
565,728bb0c49786204a2dff8be6b16b2f37,False
566,f240d43aba6b3a6d8452c5a2fd458884,True
567,b23a1ae4cf691c451c1aedecc59d71a2,False
568,7ad23e1f3b454096599c037ce223c47d,False
569,26ab5ae5dabb5a2b62d7ca6edddb1159,False
570,8349b83bbbea52bd03d450c0f3fc2cd5,False
571,aae646751e94d547f2758ce448d22397,False
572,d426d29e0a98a0f0ff941380d746fcfb,False
573,42893574751ffeae8ca688adf85886f6,True
574,0f1414aaec884c9cab316ba35c808488,True
575,f7305ac0451bc6014af50fbefc8eb990,False
576,38bb22ba18aecb8aec304dd5ad2760a5,False
577,67fb501f5adc3386799ae6789b70fb53,False
578,e2b4bccbb4c751c707532ddc4284ff13,True
579,26e47fe68c009f32f81e7edcdb94f5ca,False
580,23f94ae5d8a4a5d4dc3d1c8d506fc482,False
581,16b2504a1e1475f63b726e1e728f066d,True
582,26084abf7b5930c77c1bc8490ef7e6d9,False
583,ab9d5ef2bfccf042cb4eb51b934ad14c,True
584,e058483d738f487c5eab71c67b24ba94,False
585,6084e33c91c10dec0788b024b7dcc354,False
586,9b346ed4e1f3c33525f6a1c165b7741a,False
587,6713c6de21607a1180e234454c269521,False
588,c875dc306767c2325d446d35f902d16e,False
589,bcaf5067c39843998e793bd9488c61e3,False
590,53b4e2dd30414af8bec33175ef7bf53e,True
591,3c8016911982a617208d45e63a33b40f,True
592,dcc90ac031cdf80e4756321eae1ea61c,False
593,2af024d6fa8322d3fafbb7dcb7213e44,False
594,591d8bbb6e58fa6dd16b136d1f852fa5,False
595,61b883aeaa616f8eefa3a192829dfa7b,True
596,58517c5af9650cfc5e1a4f0cae303e09,False
597,19f4d1e4325e6834c92d05cb0f5a731d,False
598,ac1049dabc72e63c0a02602afe93444f,True
599,72e3045cee28f50dafe64cc61afe20d9,True
600,ad2d790ba856d5ed1166b1cdac88cce6,False
601,e468d2bf1365e122ba8266609b1c90d2,False
602,e54ca9f8ebfbc43d5cb0e6c0bcc160ed,False
603,192d82b6d23e6a4a6fa47dcbc96829da,False
604,8342eb7fd08f6d876e03311248b77451,True
605,c64efd8e592ea3c32cc00862dbbdf9cf,True
606,473809a1a68f8991b71e17ce4e34bce1,False
607,f7658b748351d4f05fe48d482fda77df,False
608,ed9ba9e2bc0349833d146b2ad9b29785,False
609,0f31be13fdd4201f54ee40bb55dcf123,False
610,0d266b0cd9c8904a648d930c5f8dd0bd,False
611,09fe4b3f4ddd4a89a748951980a70e02,True
612,90e2d87e8c20642d33cd358dd01be52b,False
613,77ecae638b531b848e445c1f2739aaea,False
614,3a9598b7b2a710ec152bf8965ec1391a,False
615,028e873a0d00e419d5a38b9ba11f26ca,False
616,ba5ea2cf7cf128796e414ffc07a68d10,False
617,eecd63e3911b961cdd1235bfc5c62a27,True
618,56014d10937538e48c0cfc7c7f476b5c,False
619,2996ace87cd483e30dfddcb868f7ed7d,False
620,f94346fd7a1dae33cf418b9e8ea13098,False
621,cdb6973fda598575ee6f08e9e57b543e,False
622,758ba6585112f4704ec6d3f41a5aca13,False
623,7ec915f6626b84da0d667fd07283d7b2,False
624,dd1a4fd31190f0fdd18aed85d24c96aa,True
625,d4cc7665d4b8763d18f7910a17b9af04,False
626,57c19de164fb7d1e3b5773607b80bae9,True
627,4ad5a9333024fa6c5e27bd885aa1773c,True
628,41f1be2a271715d32879ab12a90ad3b4,True
629,4c6a82a1cf5b569b9f47b3bb4d60e919,False
630,fe54b4da80e052db27715ee5c4903c9e,False
631,70e4e341394a750328c2de4844a2a59c,False
632,2274e43f321f9018d6a17f658eb12166,False
633,bca80fe71da32cd6e9353306aa9f61a5,False
634,4aa6d1c26ed027ff8163e762eab60d6b,False
635,99111eb28e71bb6c8059e0ff61f58085,True
636,5052a04d0efa0060d6e2e5142ab007c1,False
637,9d84914e04d128102fedbea15c400bda,False
638,3029b2ae8dd3e07a62707ef8f07492d0,False
639,e8befcd4bab4d3596d5ad5bb79c82f91,False
640,e3e53ee4b56a3c26b1451f8fff46f40a,True
641,b9829e9a153edcb0bdaac7fbb0287f24,False
642,3d5ae41e5aabdd2e0a62ee5e328e43de,False
643,d4ab699a056211d5b804424ac7bcee3b,False
644,9548bd720a976290895b9faab110c28b,False
645,27be5d0cad71017731cac9296731a137,False
646,29a27f30f795e88e6d14b6e236723649,False
647,e44bca08a23f0db61a3439f2b3450731,False
648,c26c70767d3a58b3a02ed29818639a7b,True
649,394263bf33f5f3cb2df058a6c33d25e0,True
650,2274f27d887138b7a7cd11692c790c2f,False
651,eb7346195a476f14aecb9dc8b3d0b981,False
652,6415c299cd5f0b38c1160c11e40e6b23,False
653,372a0739a4c222d1ee07b8b3fa3edc44,False
654,c0d967cef725ee159ec36ff32148e36d,False
655,4665e5306adab272addf096ad37723c3,False
656,c4cf4e6275d939cb12aa5cbbb09321db,False
657,ec306549a86bb0db72e080ffde2e3b56,False
658,61ea11248e610a8d1728ac20e62d5f14,False
659,2fa41da8ea11cc98c5af8dd8f4e364b7,True
660,61928221cd56e946226c28d64b1415c0,False
661,9729e81be6bf92e206aea7e7db848c3d,True
662,3ef277de96fb54221da7bee048797e11,False
663,81c50e2d2e3bd689e1fd6ee02de3c114,False
664,0a5a38a9051b6dfea071597df69fb023,False
665,a073071f12de3dd2d7bf61e4d13d34e2,False
666,dc15bfac519411b229c8d250f1b0ac66,True
667,d2f7e11d467cc731aaa55959ac819f07,False
668,f2c443f7b5c44cf0c6042304967298a9,False
669,59531160349e36e71e0fdd14217f3023,False
670,8a01b21e9916599e62ce3cdd7a48d758,False
671,bed0ffd68263688084d1beb15aa42a23,False
672,156dd3d6ca6a0a82a321a74b94a8a6e2,False
673,257797c37cdfe96da6b93a923475fcb3,False
674,c12669a5675985b58d0aebee890d81f8,False
675,caa70611e10046c1521b2f0072444501,False
676,6f69907f55bc1672019a239cc1a3d6ca,False
677,05ce731125435c7379a80f04885ccd30,False
678,4a467513d0efa5562f66e9dd14d670e6,True
679,f276d33e66e6b960b14cb1c19b10dbf5,False
680,be3c8dae1b9e93c7790799c4cfc2b2ab,False
681,6723adc1b5ccc59ea8d80210dcfb3d28,True
682,1c3b5294a6c37e3be63f8b8778510e18,True
683,4281b52a5381393665571ce94082d714,False
684,e0e74090f9cc99f52f73c596ea878e53,True
685,04e2a6dabcc9d5b2e8d03986c1aa3afe,False
686,8ada099abc27f6cc5ee384ee4052d192,True
687,e97d6b8b50c6aa7fcd85c299fc4fd2d8,False
688,56047d94182a767175500bdba62f1905,True
689,df100f2a36f61c1bbcc0cabf242d9a1a,True
690,a0f619ce27d2ad21c7d1e9e612ece2cf,False
691,5ad46e1eef32b9e66f2b89ecd0cd9c61,True
692,cf3d758ca2e7ae5ba6099f13a6a0ac91,False
693,465b9da51170eb5f8afd2795b7905c6a,False
694,ebd16a775c4c47051e491248d01fe647,False
695,6cca27e8774d05a86eb0a11670a73a71,False
696,9e1f6fb03f6cf73432bfe9be5c4994e3,False
697,77742989d83688d01f7b0261587e34c7,False
698,dd4749af3fad3237ff06ffbeab326e93,True
699,fa543d5f90b4aba7f5ec2f31962a07a7,False
700,65092b2e3290e587d4ff3fe0b3ead324,False
701,14214feac0448e0fdbdeff5478759ce1,False
702,8282207a3e2356efc75ca968335adbf1,False
703,1d15837f496684b6a76e9418ae64dd3c,False
704,7ef0e124e838d80c4cfb16935a75bcac,True
705,78bf184904f4236db531b2ff5896a1bc,True
706,c0288417ed2080740ee7809aef7b0b85,False
707,70c9b12a4773aa605c636da8b99bcbac,False
708,dabd8f51388118326412c75f6af71515,False
709,6bf4c1cb5627973776865b9c7cc6f394,True
710,bb1924d88de2553b08601bc9c262de6f,False
711,34967ad8fd007d4c97ee07b90a33301a,False
712,3e5bcdab85f2aec602e18a0ca48a9d1b,False
713,7fedd743ff8209ae1c535b53886bfd15,False
714,d20c7cabe70a5a7dcb92fad85d320ef3,True
715,693afb5a4a98cd9d1762d6862bcf9664,False
716,97c15a3e6351aae0074ae21f51071df4,True
717,0ed9bca5a9d059a14a476c12d8038673,False
718,eb27ceace0d51e53f571f3a5fbc08c94,False
719,f63755f1f14791bc0190d9f27024257d,False
720,f0dbb5e4b33f0bd88128764f8b19c0dd,False
721,19558049f723cea516c3ae854d9cafb8,True
722,dbeaebfa492dff4e83b19a57a2b0ebf5,False
723,53f25ff26491486c0372ec78d19cad40,True
724,e78c7a6cc061321f82e101f005f5c84d,False
725,24fa897f0853fc1c1ade7ffde9aa3e47,False
726,7f5b766b5c938f5da5568fb55e0c51de,False
727,3ac892856c0a6feb67914244a1408dd2,False
728,04f73a561f08e6f54a172be9ee8cec35,False
729,616a7fe3cdf8fbba012e5802fc37ef40,False
730,ebd40f33e10047dfa997691a35f6ae9c,True
731,103071cd208805c9a3c32f60ad4017ff,False
732,1d4cd5e0842f3a27aebdcc73faa7691e,False
733,65c7f0e100c793a8da2d12ff76c30cb0,False
734,3f14d0685ecf9a0e584578e262cac1c4,False
735,cac327eb7422366e82b1150297e0269f,True
736,969dc104d3bd6ce3ef2efd5016f37327,True
737,f4a4186f2c503f7414acb2c6a6a7d655,True
738,8f42726d1d5e3bccbe2b6974bd2c0b83,False
739,1d7dc7fa9a5fbadbb10ff6510437cedb,False
740,29eb1b50de89a763b3458f2d0a1c5e1a,False
741,aa61c1941fb5701327c2164a0dc0bc4f,True
742,87fe7f9ac71700a808c6ac1215b4b08e,False
743,211822774dfbceba918f7400020b30b3,False
744,7c27cb4da23b3f192afb07f8e6d661e5,False
745,828530ab8f74555013bf09c134a734d9,False
746,725f17a57ff99153c3b4a095b995cb65,True
747,c231464b211f5bc822dd6d9c32b262e3,False
748,a5ed2921f377bfbf3fa69754c4f7971f,False
749,28a53bc63ba0ceb4b39d51f7121084d9,False
750,14dd7a083b1efd3d353b8e143d50d148,False
751,ffbcd235a6ce7c5049c2242a796ae7a4,False
752,b3d0c7daa9f3a21d30da82d7cd27b705,True
753,686f44775854ebe37052c4eba353b058,False
754,558eb252ca4419883c7a2f77a377b462,True
755,74395b38d1ad7596790d070c4884827a,False
756,7ee5eaad266049aca1b06a7057200ae2,False
757,5f0d22c0225dde091092b3dfcb1db696,False
758,bb56f0cbdc68fad4bb511354e8687c2b,False
759,9763f353bd1cc5d744b4c8fcbcff495f,False
760,fa487304448645999c2ec499d935d1ff,False
761,b4669f7244ffdaa36f8da8d8865285c0,True
762,cfd9cdf7e7d2f47dda3afa9b9bfb11ec,False
763,652aae5591bcf679c3b93755e95d69b5,True
764,5d3ae80d4cb79d2323e856c5ada4685d,False
765,d5c8cc85b31b99eb8d32cad7bc2ccfe8,False
766,d74133af97d59facba53fc402a96a9cd,False
767,d4830f8ca430cb785dee7bc718b61dc2,False
768,b4b106bfd6d44e06f20bf5b087008c95,False
769,c3171905e58202ec29508bfd07614418,False
770,7357f2644d1bec7c0a25e517ed1d4928,False
771,574d192f74e804b2d885314d9a002ce1,False
772,46ac49b7daa4b44723921db17c750e02,True
773,adf63a63795cba9e2a7c7014d63e23a2,False
774,8987c47d2d097bf63e9637bce8f6a73c,True
775,488cc80ae9ece27c71ad2795ab862976,False
776,ad7fdd88dbe21536216397eae47da637,False
777,ca5be05ac8a4c13da351b5e9d40008e4,False
778,b54fae18c3682403d8c099a1bb774d33,False
779,7a1fe6be9a584441fac8fd8037473c73,False
780,48c6869495799215458ccfa739059aae,False
781,d88c14f3513eeac07d96bf2247e590da,False
782,d86ba8e778366f29d751212248a8b117,True
783,77d311fd2f0fe6e7120e92efc00a3dc1,False
784,d1e6b79eed2ed19f35c2bbc3bf3c7940,True
785,39f1960e9fa6d6dee905f7380922d29d,False
